######## ELECTION INFO ########,,,,,,,,,,,
Organization,Election Name,State,,,,,,,,,
Georgia,"November 4,2025 Municipal General/Special Election",GA,,,,,,,,,
,,,,,,,,,,,
######## CONTESTS ########,,,,,,,,,,,
Contest Name,Targeted?,Number of Winners,Votes Allowed,Total Ballots Cast,Vote Totals,Vote Totals from Batches,Pending Ballots,,,,
PSC - District 2,Targeted,1,1,1581543,Tim Echols (I) (Rep): 582403; Alicia M. Johnson (Dem): 980470,Tim Echols (I) (Rep): 582403; Alicia M. Johnson (Dem): 980470,0,,,,
,,,,,,,,,,,
######## AUDIT SETTINGS ########,,,,,,,,,,,
Audit Name,Audit Type,Audit Math Type,Risk Limit,Random Seed,Online Data Entry?,,,,,,
"November 4, 2025 Municipal General/Special Election",BATCH_COMPARISON,MACRO,5%,34363370190391208563,No,,,,,,
,,,,,,,,,,,
######## ROUNDS ########,,,,,,,,,,,
Round Number,Contest Name,Targeted?,Sample Size,Risk Limit Met?,P-Value,Start Time,End Time,Audited Votes,Batches Sampled,Ballots Sampled,Reported Votes
1,PSC - District 2,Targeted,15,Yes,0.034476286,2025-11-12T20:21:36.046696+00:00,2025-11-17T17:02:15.944791+00:00,Tim Echols (I) (Rep): 5381; Alicia M. Johnson (Dem): 12649,15,18182,Tim Echols (I) (Rep): 5381; Alicia M. Johnson (Dem): 12649
,,,,,,,,,,,
######## SAMPLED BATCHES ########,,,,,,,,,,,
Jurisdiction Name,Batch Name,Ballots in Batch,Ticket Numbers: PSC - District 2,Audited?,Reported Results: PSC - District 2,Audit Results: PSC - District 2,Change in Results: PSC - District 2,Change in Margin: PSC - District 2,Combined Batch,,
APPLING,ED-1C ICP 1 - 0,119,Round 1: EXTRA,Yes,Tim Echols (I) (Rep): 109; Alicia M. Johnson (Dem): 9,Tim Echols (I) (Rep): 109; Alicia M. Johnson (Dem): 9,,,,,
APPLING,ICC-Absentee by Mail - 1,23,Round 1: EXTRA,Yes,Tim Echols (I) (Rep): 10; Alicia M. Johnson (Dem): 13,Tim Echols (I) (Rep): 10; Alicia M. Johnson (Dem): 13,,,,,
ATKINSON,AV-Elections Office ICP 1 - 0,313,Round 1: EXTRA,Yes,Tim Echols (I) (Rep): 176; Alicia M. Johnson (Dem): 120,Tim Echols (I) (Rep): 176; Alicia M. Johnson (Dem): 120,,,,,
ATKINSON,Provisional ICC - 1,1,Round 1: EXTRA,Yes,Tim Echols (I) (Rep): 1; Alicia M. Johnson (Dem): 0,Tim Echols (I) (Rep): 1; Alicia M. Johnson (Dem): 0,,,,,
BACON,Absentee By Mail ICC - 1,10,Round 1: EXTRA,Yes,Tim Echols (I) (Rep): 3; Alicia M. Johnson (Dem): 7,Tim Echols (I) (Rep): 3; Alicia M. Johnson (Dem): 7,,,,,
BACON,AV-Elections Office ICP 1 - 0,490,Round 1: EXTRA,Yes,Tim Echols (I) (Rep): 380; Alicia M. Johnson (Dem): 106,Tim Echols (I) (Rep): 380; Alicia M. Johnson (Dem): 106,,,,,
BAKER,ED-Newton ICP 1 - 0,42,Round 1: EXTRA,Yes,Tim Echols (I) (Rep): 29; Alicia M. Johnson (Dem): 13,Tim Echols (I) (Rep): 29; Alicia M. Johnson (Dem): 13,,,,,
BAKER,Provisional ICC - 1,4,Round 1: EXTRA,Yes,Tim Echols (I) (Rep): 1; Alicia M. Johnson (Dem): 3,Tim Echols (I) (Rep): 1; Alicia M. Johnson (Dem): 3,,,,,
BALDWIN,ED-Scottsboro ICP 1 - 0,96,Round 1: EXTRA,Yes,Tim Echols (I) (Rep): 43; Alicia M. Johnson (Dem): 53,Tim Echols (I) (Rep): 43; Alicia M. Johnson (Dem): 53,,,,,
BALDWIN,ICC-Absentee by Mail - 1,50,Round 1: EXTRA,Yes,Tim Echols (I) (Rep): 10; Alicia M. Johnson (Dem): 40,Tim Echols (I) (Rep): 10; Alicia M. Johnson (Dem): 40,,,,,
BANKS,ED- Elections Office ICP 1 - 0,1333,Round 1: EXTRA,Yes,Tim Echols (I) (Rep): 1116; Alicia M. Johnson (Dem): 190,Tim Echols (I) (Rep): 1116; Alicia M. Johnson (Dem): 190,,,,,
BANKS,ICC-Absentee By Mail - 3,10,Round 1: EXTRA,Yes,Tim Echols (I) (Rep): 5; Alicia M. Johnson (Dem): 5,Tim Echols (I) (Rep): 5; Alicia M. Johnson (Dem): 5,,,,,
BARROW,ED-01 ICP 1 - 0,322,Round 1: EXTRA,Yes,Tim Echols (I) (Rep): 199; Alicia M. Johnson (Dem): 123,Tim Echols (I) (Rep): 199; Alicia M. Johnson (Dem): 123,,,,,
BARROW,ICC-Absentee by Mail - 1,78,Round 1: EXTRA,Yes,Tim Echols (I) (Rep): 25; Alicia M. Johnson (Dem): 52,Tim Echols (I) (Rep): 25; Alicia M. Johnson (Dem): 52,,,,,
BARROW,ICC-Election Day - 1,88,Round 1: EXTRA,Yes,Tim Echols (I) (Rep): 65; Alicia M. Johnson (Dem): 22,Tim Echols (I) (Rep): 65; Alicia M. Johnson (Dem): 22,,,,,
BARTOW,ED-Allatoona ICP 1 - 0,569,Round 1: EXTRA,Yes,Tim Echols (I) (Rep): 373; Alicia M. Johnson (Dem): 193,Tim Echols (I) (Rep): 373; Alicia M. Johnson (Dem): 193,,,,,
BARTOW,ICC-Provisional - 1,12,Round 1: EXTRA,Yes,Tim Echols (I) (Rep): 9; Alicia M. Johnson (Dem): 3,Tim Echols (I) (Rep): 9; Alicia M. Johnson (Dem): 3,,,,,
BEN HILL,AV-Election Office ICP 2 - 0,566,Round 1: EXTRA,Yes,Tim Echols (I) (Rep): 299; Alicia M. Johnson (Dem): 254,Tim Echols (I) (Rep): 299; Alicia M. Johnson (Dem): 254,,,,,
BEN HILL,ICPAbsenteebymail - 0,21,Round 1: EXTRA,Yes,Tim Echols (I) (Rep): 3; Alicia M. Johnson (Dem): 17,Tim Echols (I) (Rep): 3; Alicia M. Johnson (Dem): 17,,,,,
BERRIEN,Absentee By Mail ICC - 1,20,Round 1: EXTRA,Yes,Tim Echols (I) (Rep): 9; Alicia M. Johnson (Dem): 11,Tim Echols (I) (Rep): 9; Alicia M. Johnson (Dem): 11,,,,,
BERRIEN,AV-Election Office ICP 1 - 0,636,Round 1: EXTRA,Yes,Tim Echols (I) (Rep): 492; Alicia M. Johnson (Dem): 133,Tim Echols (I) (Rep): 492; Alicia M. Johnson (Dem): 133,,,,,
BIBB,ED- Hazzard 4 ICP 1 - 0,357,Round 1: EXTRA,Yes,Tim Echols (I) (Rep): 159; Alicia M. Johnson (Dem): 196,Tim Echols (I) (Rep): 159; Alicia M. Johnson (Dem): 196,,,,,
BIBB,ICC-Absentee By Mail - 4,53,Round 1: EXTRA,Yes,Tim Echols (I) (Rep): 17; Alicia M. Johnson (Dem): 36,Tim Echols (I) (Rep): 17; Alicia M. Johnson (Dem): 36,,,,,
BLECKLEY,ED-1 ICP 1 - 0,594,Round 1: EXTRA,Yes,Tim Echols (I) (Rep): 394; Alicia M. Johnson (Dem): 198,Tim Echols (I) (Rep): 394; Alicia M. Johnson (Dem): 198,,,,,
BLECKLEY,ICC-Absentee by Mail - 1,16,Round 1: EXTRA,Yes,Tim Echols (I) (Rep): 5; Alicia M. Johnson (Dem): 11,Tim Echols (I) (Rep): 5; Alicia M. Johnson (Dem): 11,,,,,
BRANTLEY,Absentee By Mail ICC - 1,4,Round 1: EXTRA,Yes,Tim Echols (I) (Rep): 0; Alicia M. Johnson (Dem): 4,Tim Echols (I) (Rep): 0; Alicia M. Johnson (Dem): 4,,,,,
BRANTLEY,ED-Hoboken ICP 1 - 0,362,Round 1: EXTRA,Yes,Tim Echols (I) (Rep): 346; Alicia M. Johnson (Dem): 16,Tim Echols (I) (Rep): 346; Alicia M. Johnson (Dem): 16,,,,,
BROOKS,Absentee By Mail ICC - 1,90,Round 1: EXTRA,Yes,Tim Echols (I) (Rep): 11; Alicia M. Johnson (Dem): 65,Tim Echols (I) (Rep): 11; Alicia M. Johnson (Dem): 65,,,,,
BROOKS,ED-Morven ICP 1 - 0,206,Round 1: EXTRA,Yes,Tim Echols (I) (Rep): 120; Alicia M. Johnson (Dem): 80,Tim Echols (I) (Rep): 120; Alicia M. Johnson (Dem): 80,,,,,
BRYAN,ED-First Baptist Church ICP 1 - 0,419,Round 1: EXTRA,Yes,Tim Echols (I) (Rep): 176; Alicia M. Johnson (Dem): 242,Tim Echols (I) (Rep): 176; Alicia M. Johnson (Dem): 242,,,,,
BRYAN,ICC-Provisional - 1,4,Round 1: EXTRA,Yes,Tim Echols (I) (Rep): 2; Alicia M. Johnson (Dem): 2,Tim Echols (I) (Rep): 2; Alicia M. Johnson (Dem): 2,,,,,
BULLOCH,ED-Church ICP 1 - 0,662,Round 1: EXTRA,Yes,Tim Echols (I) (Rep): 263; Alicia M. Johnson (Dem): 389,Tim Echols (I) (Rep): 263; Alicia M. Johnson (Dem): 389,,,,,
BULLOCH,ICC-Provisional - 3,3,Round 1: EXTRA,Yes,Tim Echols (I) (Rep): 1; Alicia M. Johnson (Dem): 2,Tim Echols (I) (Rep): 1; Alicia M. Johnson (Dem): 2,,,,,
BURKE,AV-Elections Office ICP 1 - 0,766,Round 1: EXTRA,Yes,Tim Echols (I) (Rep): 230; Alicia M. Johnson (Dem): 525,Tim Echols (I) (Rep): 230; Alicia M. Johnson (Dem): 525,,,,,
BURKE,ICC-Absentee by Mail - 2,25,Round 1: EXTRA,Yes,Tim Echols (I) (Rep): 1; Alicia M. Johnson (Dem): 24,Tim Echols (I) (Rep): 1; Alicia M. Johnson (Dem): 24,,,,,
BUTTS,ED-County Admin Judicial Ctr ICP 1 - 0,1341,Round 1: EXTRA,Yes,Tim Echols (I) (Rep): 782; Alicia M. Johnson (Dem): 538,Tim Echols (I) (Rep): 782; Alicia M. Johnson (Dem): 538,,,,,
BUTTS,ICC-Absentee by Mail - 1,40,Round 1: EXTRA,Yes,Tim Echols (I) (Rep): 28; Alicia M. Johnson (Dem): 10,Tim Echols (I) (Rep): 28; Alicia M. Johnson (Dem): 10,,,,,
CALHOUN,ED-Arlington ICP 1 - 0,90,Round 1: EXTRA,Yes,Tim Echols (I) (Rep): 19; Alicia M. Johnson (Dem): 70,Tim Echols (I) (Rep): 19; Alicia M. Johnson (Dem): 70,,,,,
CALHOUN,Provisional ICC - 1,1,Round 1: EXTRA,Yes,Tim Echols (I) (Rep): 1; Alicia M. Johnson (Dem): 0,Tim Echols (I) (Rep): 1; Alicia M. Johnson (Dem): 0,,,,,
CAMDEN,ED-East Kingsland ICP 1 - 0,448,Round 1: EXTRA,Yes,Tim Echols (I) (Rep): 234; Alicia M. Johnson (Dem): 213,Tim Echols (I) (Rep): 234; Alicia M. Johnson (Dem): 213,,,,,
CAMDEN,ICC-Absentee by Mail - 1,78,Round 1: EXTRA,Yes,Tim Echols (I) (Rep): 21; Alicia M. Johnson (Dem): 57,Tim Echols (I) (Rep): 21; Alicia M. Johnson (Dem): 57,,,,,
CANDLER,ED-Jack Strickland Community Center ICP 1 - 0,538,Round 1: EXTRA,Yes,Tim Echols (I) (Rep): 343; Alicia M. Johnson (Dem): 180,Tim Echols (I) (Rep): 343; Alicia M. Johnson (Dem): 180,,,,,
CANDLER,ICC-Provisional - 1,2,Round 1: EXTRA,Yes,Tim Echols (I) (Rep): 2; Alicia M. Johnson (Dem): 0,Tim Echols (I) (Rep): 2; Alicia M. Johnson (Dem): 0,,,,,
CARROLL,ICC-Absentee by Mail - 2,50,Round 1: EXTRA,Yes,Tim Echols (I) (Rep): 19; Alicia M. Johnson (Dem): 31,Tim Echols (I) (Rep): 19; Alicia M. Johnson (Dem): 31,,,,,
CARROLL,Mars Hill Hulett 1 - 0,315,Round 1: EXTRA,Yes,Tim Echols (I) (Rep): 236; Alicia M. Johnson (Dem): 77,Tim Echols (I) (Rep): 236; Alicia M. Johnson (Dem): 77,,,,,
CATOOSA,ED-Westside ICP 1 - 0,421,Round 1: EXTRA,Yes,Tim Echols (I) (Rep): 283; Alicia M. Johnson (Dem): 133,Tim Echols (I) (Rep): 283; Alicia M. Johnson (Dem): 133,,,,,
CATOOSA,ICC-Provisional - 1,3,Round 1: EXTRA,Yes,Tim Echols (I) (Rep): 1; Alicia M. Johnson (Dem): 2,Tim Echols (I) (Rep): 1; Alicia M. Johnson (Dem): 2,,,,,
CHARLTON,ED-Homeland ICP 1 - 0,106,Round 1: EXTRA,Yes,Tim Echols (I) (Rep): 89; Alicia M. Johnson (Dem): 12,Tim Echols (I) (Rep): 89; Alicia M. Johnson (Dem): 12,,,,,
CHARLTON,Provisional ICC - 1,3,Round 1: EXTRA,Yes,Tim Echols (I) (Rep): 3; Alicia M. Johnson (Dem): 0,Tim Echols (I) (Rep): 3; Alicia M. Johnson (Dem): 0,,,,,
CHATHAM,AV-Voter Registration Annex Building ICP 1 - 0,4032,Round 1: 0.479338112697893960,Yes,Tim Echols (I) (Rep): 901; Alicia M. Johnson (Dem): 3101,Tim Echols (I) (Rep): 901; Alicia M. Johnson (Dem): 3101,,,,,
CHATHAM,ED-Fellowship of Love Church  ICP 1 - 0,403,Round 1: 0.410360928725092236,Yes,Tim Echols (I) (Rep): 19; Alicia M. Johnson (Dem): 384,Tim Echols (I) (Rep): 19; Alicia M. Johnson (Dem): 384,,,,,
CHATHAM,ICC-Absentee By Mail 1 - 11,31,Round 1: EXTRA,Yes,Tim Echols (I) (Rep): 1; Alicia M. Johnson (Dem): 30,Tim Echols (I) (Rep): 1; Alicia M. Johnson (Dem): 30,,,,,
CHATTAHOOCHEE,Absentee by Mail,3,Round 1: EXTRA,Yes,Tim Echols (I) (Rep): 0; Alicia M. Johnson (Dem): 3,Tim Echols (I) (Rep): 0; Alicia M. Johnson (Dem): 3,,,,,
CHATTAHOOCHEE,Advanced Voting,167,Round 1: EXTRA,Yes,Tim Echols (I) (Rep): 90; Alicia M. Johnson (Dem): 71,Tim Echols (I) (Rep): 90; Alicia M. Johnson (Dem): 71,,,,,
CHATTOOGA,AV-VR Office ICP 1 - 0,820,Round 1: EXTRA,Yes,Tim Echols (I) (Rep): 552; Alicia M. Johnson (Dem): 253,Tim Echols (I) (Rep): 552; Alicia M. Johnson (Dem): 253,,,,,
CHATTOOGA,ICC-Absentee by Mail - 1,22,Round 1: EXTRA,Yes,Tim Echols (I) (Rep): 10; Alicia M. Johnson (Dem): 11,Tim Echols (I) (Rep): 10; Alicia M. Johnson (Dem): 11,,,,,
CHEROKEE,ED-Little River ICP 1 - 0,940,Round 1: EXTRA,Yes,Tim Echols (I) (Rep): 472; Alicia M. Johnson (Dem): 463,Tim Echols (I) (Rep): 472; Alicia M. Johnson (Dem): 463,,,,,
CHEROKEE,ICC - Absentee By Mail - 11,2,Round 1: EXTRA,Yes,Tim Echols (I) (Rep): 1; Alicia M. Johnson (Dem): 1,Tim Echols (I) (Rep): 1; Alicia M. Johnson (Dem): 1,,,,,
CLARKE,ED - 7C  ICP 1 - 0,393,Round 1: EXTRA,Yes,Tim Echols (I) (Rep): 67; Alicia M. Johnson (Dem): 326,Tim Echols (I) (Rep): 67; Alicia M. Johnson (Dem): 326,,,,,
CLARKE,ICC - Absentee by Mail 1 - 1,59,Round 1: EXTRA,Yes,Tim Echols (I) (Rep): 12; Alicia M. Johnson (Dem): 47,Tim Echols (I) (Rep): 12; Alicia M. Johnson (Dem): 47,,,,,
CLAY,AV-Election Office ICP 1 - 0,199,Round 1: EXTRA,Yes,Tim Echols (I) (Rep): 80; Alicia M. Johnson (Dem): 111,Tim Echols (I) (Rep): 80; Alicia M. Johnson (Dem): 111,,,,,
CLAYTON,ED-Forest Park 1 ICP 1 - 0,247,Round 1: EXTRA,Yes,Tim Echols (I) (Rep): 35; Alicia M. Johnson (Dem): 205,Tim Echols (I) (Rep): 35; Alicia M. Johnson (Dem): 205,,,,,
CLAYTON,ED-Jonesboro 19 ICP 1 - 0,291,Round 1: EXTRA,Yes,Tim Echols (I) (Rep): 12; Alicia M. Johnson (Dem): 278,Tim Echols (I) (Rep): 12; Alicia M. Johnson (Dem): 278,,,,,
CLAYTON,ED-Riverdale 8 ICP 1 - 0,403,Round 1: EXTRA,Yes,Tim Echols (I) (Rep): 20; Alicia M. Johnson (Dem): 380,Tim Echols (I) (Rep): 20; Alicia M. Johnson (Dem): 380,,,,,
CLAYTON,ICC 1 - Absentee by Mail - 6,25,Round 1: EXTRA,Yes,Tim Echols (I) (Rep): 2; Alicia M. Johnson (Dem): 23,Tim Echols (I) (Rep): 2; Alicia M. Johnson (Dem): 23,,,,,
CLAYTON,ICC 1 - Absentee by Mail - 15,1,Round 1: EXTRA,Yes,Tim Echols (I) (Rep): 0; Alicia M. Johnson (Dem): 1,Tim Echols (I) (Rep): 0; Alicia M. Johnson (Dem): 1,,,,,
CLINCH,ED-Fargo ICP 1 - 0,64,Round 1: EXTRA,Yes,Tim Echols (I) (Rep): 52; Alicia M. Johnson (Dem): 3,Tim Echols (I) (Rep): 52; Alicia M. Johnson (Dem): 3,,,,,
CLINCH,ICC - Absentee by Mail - 1,13,Round 1: EXTRA,Yes,Tim Echols (I) (Rep): 4; Alicia M. Johnson (Dem): 8,Tim Echols (I) (Rep): 4; Alicia M. Johnson (Dem): 8,,,,,
COBB,ED-Lost Mountain 01  ICP 1 - 0,737,Round 1: 0.561763104335797571,Yes,Tim Echols (I) (Rep): 298; Alicia M. Johnson (Dem): 439,Tim Echols (I) (Rep): 298; Alicia M. Johnson (Dem): 439,,,,,
COBB,ED-Lost Mountain 02  ICP 1 - 0,663,Round 1: EXTRA,Yes,Tim Echols (I) (Rep): 389; Alicia M. Johnson (Dem): 274,Tim Echols (I) (Rep): 389; Alicia M. Johnson (Dem): 274,,,,,
COBB,ED-Pitner 01  ICP 1 - 0,463,Round 1: EXTRA,Yes,Tim Echols (I) (Rep): 181; Alicia M. Johnson (Dem): 281,Tim Echols (I) (Rep): 181; Alicia M. Johnson (Dem): 281,,,,,
COBB,ED-Sewell Mill 01  ICP 1 - 0,577,Round 1: EXTRA,Yes,Tim Echols (I) (Rep): 240; Alicia M. Johnson (Dem): 336,Tim Echols (I) (Rep): 240; Alicia M. Johnson (Dem): 336,,,,,
COBB,ED-Smyrna 3B  ICP 1 - 0,588,Round 1: 0.797328390032477870,Yes,Tim Echols (I) (Rep): 159; Alicia M. Johnson (Dem): 429,Tim Echols (I) (Rep): 159; Alicia M. Johnson (Dem): 429,,,,,
COBB,ICC-Absentee by Mail 2 - 9,4,Round 1: EXTRA,Yes,Tim Echols (I) (Rep): 1; Alicia M. Johnson (Dem): 3,Tim Echols (I) (Rep): 1; Alicia M. Johnson (Dem): 3,,,,,
COBB,ICC-Provisional 2 - 10,1,Round 1: EXTRA,Yes,Tim Echols (I) (Rep): 0; Alicia M. Johnson (Dem): 1,Tim Echols (I) (Rep): 0; Alicia M. Johnson (Dem): 1,,,,,
COBB,ICC-Provisional 2 - 30,1,Round 1: EXTRA,Yes,Tim Echols (I) (Rep): 0; Alicia M. Johnson (Dem): 1,Tim Echols (I) (Rep): 0; Alicia M. Johnson (Dem): 1,,,,,
COBB,ICC-Provisional 2 - 60,2,Round 1: EXTRA,Yes,Tim Echols (I) (Rep): 1; Alicia M. Johnson (Dem): 1,Tim Echols (I) (Rep): 1; Alicia M. Johnson (Dem): 1,,,,,
COFFEE,ED-Nicholls ICP 1 - 0,294,Round 1: EXTRA,Yes,Tim Echols (I) (Rep): 158; Alicia M. Johnson (Dem): 90,Tim Echols (I) (Rep): 158; Alicia M. Johnson (Dem): 90,,,,,
COFFEE,Provisional ICP - 0,2,Round 1: EXTRA,Yes,Tim Echols (I) (Rep): 1; Alicia M. Johnson (Dem): 1,Tim Echols (I) (Rep): 1; Alicia M. Johnson (Dem): 1,,,,,
COLQUITT,Absentee By Mail ICC - 1,28,Round 1: EXTRA,Yes,Tim Echols (I) (Rep): 17; Alicia M. Johnson (Dem): 11,Tim Echols (I) (Rep): 17; Alicia M. Johnson (Dem): 11,,,,,
COLQUITT,ED-Murphy ICP 1 - 0,135,Round 1: EXTRA,Yes,Tim Echols (I) (Rep): 122; Alicia M. Johnson (Dem): 12,Tim Echols (I) (Rep): 122; Alicia M. Johnson (Dem): 12,,,,,
COLUMBIA,ED-Abilene Baptist  ICP 1 - 0,470,Round 1: EXTRA,Yes,Tim Echols (I) (Rep): 280; Alicia M. Johnson (Dem): 185,Tim Echols (I) (Rep): 280; Alicia M. Johnson (Dem): 185,,,,,
COLUMBIA,ED-Martinez Baptist  ICP 1 - 0,192,Round 1: EXTRA,Yes,Tim Echols (I) (Rep): 97; Alicia M. Johnson (Dem): 94,Tim Echols (I) (Rep): 97; Alicia M. Johnson (Dem): 94,,,,,
COLUMBIA,ICC-Absentee by Mail 3 - 1,50,Round 1: EXTRA,Yes,Tim Echols (I) (Rep): 6; Alicia M. Johnson (Dem): 42,Tim Echols (I) (Rep): 6; Alicia M. Johnson (Dem): 42,,,,,
COOK,Absentee By Mail ICC - 1,22,Round 1: EXTRA,Yes,Tim Echols (I) (Rep): 12; Alicia M. Johnson (Dem): 10,Tim Echols (I) (Rep): 12; Alicia M. Johnson (Dem): 10,,,,,
COOK,ED-Delle Beamguard ICP 1 - 0,258,Round 1: EXTRA,Yes,Tim Echols (I) (Rep): 172; Alicia M. Johnson (Dem): 84,Tim Echols (I) (Rep): 172; Alicia M. Johnson (Dem): 84,,,,,
COWETA,ED-Canongate ICP 2 - 0,1017,Round 1: 0.019844803525277192,Yes,Tim Echols (I) (Rep): 646; Alicia M. Johnson (Dem): 362,Tim Echols (I) (Rep): 646; Alicia M. Johnson (Dem): 362,,,,,
COWETA,ICC-Absentee by Mail - 4,50,Round 1: EXTRA,Yes,Tim Echols (I) (Rep): 19; Alicia M. Johnson (Dem): 30,Tim Echols (I) (Rep): 19; Alicia M. Johnson (Dem): 30,,,,,
CRAWFORD,ED-District 2 ICP 1 - 0,118,Round 1: EXTRA,Yes,Tim Echols (I) (Rep): 71; Alicia M. Johnson (Dem): 46,Tim Echols (I) (Rep): 71; Alicia M. Johnson (Dem): 46,,,,,
CRAWFORD,ICC-Absentee by Mail - 1,6,Round 1: EXTRA,Yes,Tim Echols (I) (Rep): 1; Alicia M. Johnson (Dem): 5,Tim Echols (I) (Rep): 1; Alicia M. Johnson (Dem): 5,,,,,
CRISP,ED-Listonia ICP 1 - 0,68,Round 1: EXTRA,Yes,Tim Echols (I) (Rep): 62; Alicia M. Johnson (Dem): 6,Tim Echols (I) (Rep): 62; Alicia M. Johnson (Dem): 6,,,,,
CRISP,ICC-Absentee By Mail - 1,44,Round 1: EXTRA,Yes,Tim Echols (I) (Rep): 20; Alicia M. Johnson (Dem): 22,Tim Echols (I) (Rep): 20; Alicia M. Johnson (Dem): 22,,,,,
DADE,ED-Davis ICP 1 - 0,189,Round 1: EXTRA,Yes,Tim Echols (I) (Rep): 147; Alicia M. Johnson (Dem): 36,Tim Echols (I) (Rep): 147; Alicia M. Johnson (Dem): 36,,,,,
DADE,ICC-Absentee by Mail - 1,16,Round 1: EXTRA,Yes,Tim Echols (I) (Rep): 5; Alicia M. Johnson (Dem): 6,Tim Echols (I) (Rep): 5; Alicia M. Johnson (Dem): 6,,,,,
DAWSON,AV-Elections Office ICP 1 - 0,1778,Round 1: EXTRA,Yes,Tim Echols (I) (Rep): 1328; Alicia M. Johnson (Dem): 433,Tim Echols (I) (Rep): 1328; Alicia M. Johnson (Dem): 433,,,,,
DAWSON,ICC - Provisional - 1,3,Round 1: EXTRA,Yes,Tim Echols (I) (Rep): 2; Alicia M. Johnson (Dem): 1,Tim Echols (I) (Rep): 2; Alicia M. Johnson (Dem): 1,,,,,
DECATUR,Absentee By Mail ICC - 2,23,Round 1: EXTRA,Yes,Tim Echols (I) (Rep): 7; Alicia M. Johnson (Dem): 16,Tim Echols (I) (Rep): 7; Alicia M. Johnson (Dem): 16,,,,,
DECATUR,ED-Recovery ICP 1 - 0,99,Round 1: EXTRA,Yes,Tim Echols (I) (Rep): 77; Alicia M. Johnson (Dem): 21,Tim Echols (I) (Rep): 77; Alicia M. Johnson (Dem): 21,,,,,
DEKALB,Absentee By Mail ICC 1 - 16,50,Round 1: EXTRA,Yes,Tim Echols (I) (Rep): 3; Alicia M. Johnson (Dem): 45,Tim Echols (I) (Rep): 3; Alicia M. Johnson (Dem): 45,,,,,
DEKALB,ED-FLAT SHOALS PARKWAY,600,Round 1: EXTRA,Yes,Tim Echols (I) (Rep): 14; Alicia M. Johnson (Dem): 584,Tim Echols (I) (Rep): 14; Alicia M. Johnson (Dem): 584,,,,,
DEKALB,ED-KELLEY CHAPEL ROAD,262,Round 1: EXTRA,Yes,Tim Echols (I) (Rep): 2; Alicia M. Johnson (Dem): 258,Tim Echols (I) (Rep): 2; Alicia M. Johnson (Dem): 258,,,,,
DEKALB,ED-MATHIS-BOB MATHIS ELEM,596,Round 1: EXTRA,Yes,Tim Echols (I) (Rep): 13; Alicia M. Johnson (Dem): 581,Tim Echols (I) (Rep): 13; Alicia M. Johnson (Dem): 581,,,,,
DEKALB,ED-MCLENDON,687,Round 1: EXTRA,Yes,Tim Echols (I) (Rep): 42; Alicia M. Johnson (Dem): 644,Tim Echols (I) (Rep): 42; Alicia M. Johnson (Dem): 644,,,,,
DEKALB,ED-MILLER-ELDRIDGE L MILLER ELEM,433,Round 1: EXTRA,Yes,Tim Echols (I) (Rep): 7; Alicia M. Johnson (Dem): 424,Tim Echols (I) (Rep): 7; Alicia M. Johnson (Dem): 424,,,,,
DEKALB,ED-STEPHENSON HIGH,588,Round 1: 0.467287781922492959,Yes,Tim Echols (I) (Rep): 20; Alicia M. Johnson (Dem): 567,Tim Echols (I) (Rep): 20; Alicia M. Johnson (Dem): 567,,,,,
DEKALB,Provisional ICC - 11,2,Round 1: EXTRA,Yes,Tim Echols (I) (Rep): 0; Alicia M. Johnson (Dem): 2,Tim Echols (I) (Rep): 0; Alicia M. Johnson (Dem): 2,,,,,
DODGE,ED-Eastman ICP 2 - 0,310,Round 1: EXTRA,Yes,Tim Echols (I) (Rep): 150; Alicia M. Johnson (Dem): 159,Tim Echols (I) (Rep): 150; Alicia M. Johnson (Dem): 159,,,,,
DODGE,ICC-Absentee by Mail - 1,27,Round 1: EXTRA,Yes,Tim Echols (I) (Rep): 21; Alicia M. Johnson (Dem): 6,Tim Echols (I) (Rep): 21; Alicia M. Johnson (Dem): 6,,,,,
DOOLY,AV-Unadilla ICP 1 - 0,184,Round 1: EXTRA,Yes,Tim Echols (I) (Rep): 57; Alicia M. Johnson (Dem): 91,Tim Echols (I) (Rep): 57; Alicia M. Johnson (Dem): 91,,,,,
DOOLY,ICC-Absentee by Mail - 1,28,Round 1: EXTRA,Yes,Tim Echols (I) (Rep): 4; Alicia M. Johnson (Dem): 24,Tim Echols (I) (Rep): 4; Alicia M. Johnson (Dem): 24,,,,,
DOUGHERTY,ED-International Studies ICP 1 - 0,172,Round 1: EXTRA,Yes,Tim Echols (I) (Rep): 31; Alicia M. Johnson (Dem): 141,Tim Echols (I) (Rep): 31; Alicia M. Johnson (Dem): 141,,,,,
DOUGHERTY,ED-Westtown Elementary School ICP 1 - 0,461,Round 1: EXTRA,Yes,Tim Echols (I) (Rep): 12; Alicia M. Johnson (Dem): 448,Tim Echols (I) (Rep): 12; Alicia M. Johnson (Dem): 448,,,,,
DOUGHERTY,Provisional ICC - 1,9,Round 1: EXTRA,Yes,Tim Echols (I) (Rep): 0; Alicia M. Johnson (Dem): 9,Tim Echols (I) (Rep): 0; Alicia M. Johnson (Dem): 9,,,,,
DOUGLAS,ED-Deer Lick ICP 1 - 0,154,Round 1: EXTRA,Yes,Tim Echols (I) (Rep): 37; Alicia M. Johnson (Dem): 117,Tim Echols (I) (Rep): 37; Alicia M. Johnson (Dem): 117,,,,,
DOUGLAS,ED-Douglas CSB ICP 1 - 0,230,Round 1: EXTRA,Yes,Tim Echols (I) (Rep): 83; Alicia M. Johnson (Dem): 147,Tim Echols (I) (Rep): 83; Alicia M. Johnson (Dem): 147,,,,,
DOUGLAS,ICC-Absentee by Mail - 2,20,Round 1: EXTRA,Yes,Tim Echols (I) (Rep): 2; Alicia M. Johnson (Dem): 18,Tim Echols (I) (Rep): 2; Alicia M. Johnson (Dem): 18,,,,,
DOUGLAS,ICC-Absentee by Mail - 3,20,Round 1: EXTRA,Yes,Tim Echols (I) (Rep): 6; Alicia M. Johnson (Dem): 14,Tim Echols (I) (Rep): 6; Alicia M. Johnson (Dem): 14,,,,,
EARLY,Absentee by Mail ICC 1 & 2,48,Round 1: EXTRA,Yes,Tim Echols (I) (Rep): 13; Alicia M. Johnson (Dem): 35,Tim Echols (I) (Rep): 13; Alicia M. Johnson (Dem): 35,,,"Combines Absentee By Mail ICC - 1, Absentee By Mail ICC - 2",,
EARLY,AV-Elections Office ICP 1 - 0,799,Round 1: EXTRA,Yes,Tim Echols (I) (Rep): 270; Alicia M. Johnson (Dem): 477,Tim Echols (I) (Rep): 270; Alicia M. Johnson (Dem): 477,,,,,
ECHOLS,ED-Statenville ICP 1 - 0,71,Round 1: EXTRA,Yes,Tim Echols (I) (Rep): 54; Alicia M. Johnson (Dem): 17,Tim Echols (I) (Rep): 54; Alicia M. Johnson (Dem): 17,,,,,
EFFINGHAM,ED-5C ICP 1 - 0,428,Round 1: EXTRA,Yes,Tim Echols (I) (Rep): 263; Alicia M. Johnson (Dem): 158,Tim Echols (I) (Rep): 263; Alicia M. Johnson (Dem): 158,,,,,
EFFINGHAM,ICC-Absentee by Mail - 3,25,Round 1: EXTRA,Yes,Tim Echols (I) (Rep): 5; Alicia M. Johnson (Dem): 20,Tim Echols (I) (Rep): 5; Alicia M. Johnson (Dem): 20,,,,,
ELBERT,ED - Moss - Ruckersville ICP 1 - 0,54,Round 1: EXTRA,Yes,Tim Echols (I) (Rep): 41; Alicia M. Johnson (Dem): 12,Tim Echols (I) (Rep): 41; Alicia M. Johnson (Dem): 12,,,,,
ELBERT,ICC - Absentee by Mail - 2,10,Round 1: EXTRA,Yes,Tim Echols (I) (Rep): 4; Alicia M. Johnson (Dem): 6,Tim Echols (I) (Rep): 4; Alicia M. Johnson (Dem): 6,,,,,
EMANUEL,ED-Blundale ICP 1 - 0,94,Round 1: EXTRA,Yes,Tim Echols (I) (Rep): 90; Alicia M. Johnson (Dem): 3,Tim Echols (I) (Rep): 90; Alicia M. Johnson (Dem): 3,,,,,
EMANUEL,ICC-Absentee by Mail - 1,31,Round 1: EXTRA,Yes,Tim Echols (I) (Rep): 16; Alicia M. Johnson (Dem): 14,Tim Echols (I) (Rep): 16; Alicia M. Johnson (Dem): 14,,,,,
EVANS,AV-Elections Office ICP 2 - 0,276,Round 1: EXTRA,Yes,Tim Echols (I) (Rep): 181; Alicia M. Johnson (Dem): 88,Tim Echols (I) (Rep): 181; Alicia M. Johnson (Dem): 88,,,,,
EVANS,ICC-Absentee by Mail - 1,25,Round 1: EXTRA,Yes,Tim Echols (I) (Rep): 4; Alicia M. Johnson (Dem): 19,Tim Echols (I) (Rep): 4; Alicia M. Johnson (Dem): 19,,,,,
FANNIN,ED-Toccoa ICP 1 - 0,234,Round 1: EXTRA,Yes,Tim Echols (I) (Rep): 153; Alicia M. Johnson (Dem): 81,Tim Echols (I) (Rep): 153; Alicia M. Johnson (Dem): 81,,,,,
FANNIN,ICC - Absentee By Mail - 1,15,Round 1: EXTRA,Yes,Tim Echols (I) (Rep): 14; Alicia M. Johnson (Dem): 1,Tim Echols (I) (Rep): 14; Alicia M. Johnson (Dem): 1,,,,,
FAYETTE,ED-Fayetteville West ICP 1 - 0,359,Round 1: EXTRA,Yes,Tim Echols (I) (Rep): 98; Alicia M. Johnson (Dem): 260,Tim Echols (I) (Rep): 98; Alicia M. Johnson (Dem): 260,,,,,
FAYETTE,ED-Rareover ICP 1 - 0,397,Round 1: EXTRA,Yes,Tim Echols (I) (Rep): 210; Alicia M. Johnson (Dem): 187,Tim Echols (I) (Rep): 210; Alicia M. Johnson (Dem): 187,,,,,
FAYETTE,ICC-Absentee by Mail - 2,50,Round 1: EXTRA,Yes,Tim Echols (I) (Rep): 29; Alicia M. Johnson (Dem): 20,Tim Echols (I) (Rep): 29; Alicia M. Johnson (Dem): 20,,,,,
FAYETTE,ICC-Absentee by Mail - 6,9,Round 1: EXTRA,Yes,Tim Echols (I) (Rep): 3; Alicia M. Johnson (Dem): 6,Tim Echols (I) (Rep): 3; Alicia M. Johnson (Dem): 6,,,,,
FLOYD,ED-Coosa NC ICP 1 - 0,263,Round 1: EXTRA,Yes,Tim Echols (I) (Rep): 197; Alicia M. Johnson (Dem): 62,Tim Echols (I) (Rep): 197; Alicia M. Johnson (Dem): 62,,,,,
FLOYD,ICC-Absentee by Mail - 2,50,Round 1: EXTRA,Yes,Tim Echols (I) (Rep): 23; Alicia M. Johnson (Dem): 26,Tim Echols (I) (Rep): 23; Alicia M. Johnson (Dem): 26,,,,,
FORSYTH,ED-07 Cumming ICP 1 - 0,448,Round 1: EXTRA,Yes,Tim Echols (I) (Rep): 265; Alicia M. Johnson (Dem): 181,Tim Echols (I) (Rep): 265; Alicia M. Johnson (Dem): 181,,,,,
FORSYTH,ED-16 Otwell ICP 2 - 0,363,Round 1: EXTRA,Yes,Tim Echols (I) (Rep): 240; Alicia M. Johnson (Dem): 123,Tim Echols (I) (Rep): 240; Alicia M. Johnson (Dem): 123,,,,,
FORSYTH,ICC - Absentee By Mail 1 - 4,40,Round 1: EXTRA,Yes,Tim Echols (I) (Rep): 18; Alicia M. Johnson (Dem): 22,Tim Echols (I) (Rep): 18; Alicia M. Johnson (Dem): 22,,,,,
FORSYTH,ICC - Absentee By Mail 1 - 9,39,Round 1: EXTRA,Yes,Tim Echols (I) (Rep): 13; Alicia M. Johnson (Dem): 26,Tim Echols (I) (Rep): 13; Alicia M. Johnson (Dem): 26,,,,,
FRANKLIN,ED - Carnesville ICP 1 - 0,182,Round 1: EXTRA,Yes,Tim Echols (I) (Rep): 148; Alicia M. Johnson (Dem): 32,Tim Echols (I) (Rep): 148; Alicia M. Johnson (Dem): 32,,,,,
FRANKLIN,ICC - Absentee by Mail - 1,9,Round 1: EXTRA,Yes,Tim Echols (I) (Rep): 4; Alicia M. Johnson (Dem): 5,Tim Echols (I) (Rep): 4; Alicia M. Johnson (Dem): 5,,,,,
FULTON,AV-CT Martin Rec Center ICP 4 - 0,1045,Round 1: 0.475832686869796180,Yes,Tim Echols (I) (Rep): 29; Alicia M. Johnson (Dem): 978,Tim Echols (I) (Rep): 29; Alicia M. Johnson (Dem): 978,,,,,
FULTON,AV-Grant Park Rec Ctr ICP 2 - 0,1293,Round 1: EXTRA,Yes,Tim Echols (I) (Rep): 57; Alicia M. Johnson (Dem): 1231,Tim Echols (I) (Rep): 57; Alicia M. Johnson (Dem): 1231,,,,,
FULTON,ED-01A ICP 1 - 0,1026,Round 1: 0.072417603048495845,Yes,Tim Echols (I) (Rep): 41; Alicia M. Johnson (Dem): 976,Tim Echols (I) (Rep): 41; Alicia M. Johnson (Dem): 976,,,,,
FULTON,ED-07B-07C ICP 2 - 0,593,Round 1: EXTRA,Yes,Tim Echols (I) (Rep): 222; Alicia M. Johnson (Dem): 363,Tim Echols (I) (Rep): 222; Alicia M. Johnson (Dem): 363,,,,,
FULTON,ED-12E1-12J-12M ICP 1 - 0,586,Round 1: EXTRA,Yes,Tim Echols (I) (Rep): 26; Alicia M. Johnson (Dem): 545,Tim Echols (I) (Rep): 26; Alicia M. Johnson (Dem): 545,,,,,
FULTON,ED-AP07A-C-ML06A ICP 2 - 0,108,Round 1: EXTRA,Yes,Tim Echols (I) (Rep): 27; Alicia M. Johnson (Dem): 81,Tim Echols (I) (Rep): 27; Alicia M. Johnson (Dem): 81,,,,,
FULTON,ICC - Absentee By Mail 1.1 - 20,50,Round 1: EXTRA,Yes,Tim Echols (I) (Rep): 18; Alicia M. Johnson (Dem): 31,Tim Echols (I) (Rep): 18; Alicia M. Johnson (Dem): 31,,,,,
FULTON,ICC - Election Day - 12E.1 12J & 12M ED ICP2 - 2,151,Round 1: EXTRA,Yes,Tim Echols (I) (Rep): 4; Alicia M. Johnson (Dem): 143,Tim Echols (I) (Rep): 4; Alicia M. Johnson (Dem): 143,,,,,
FULTON,ICC - Election Day - Atlanta Extended - 8,49,Round 1: EXTRA,Yes,Tim Echols (I) (Rep): 0; Alicia M. Johnson (Dem): 0,Tim Echols (I) (Rep): 0; Alicia M. Johnson (Dem): 0,,,,,
GILMER,ED-Tails Creek ICP 1 - 0,220,Round 1: EXTRA,Yes,Tim Echols (I) (Rep): 175; Alicia M. Johnson (Dem): 42,Tim Echols (I) (Rep): 175; Alicia M. Johnson (Dem): 42,,,,,
GILMER,ICC - Absentee By Mail - 1,57,Round 1: EXTRA,Yes,Tim Echols (I) (Rep): 22; Alicia M. Johnson (Dem): 35,Tim Echols (I) (Rep): 22; Alicia M. Johnson (Dem): 35,,,,,
GLASCOCK,ED - Mill ICP 1 - 0,87,Round 1: EXTRA,Yes,Tim Echols (I) (Rep): 77; Alicia M. Johnson (Dem): 7,Tim Echols (I) (Rep): 77; Alicia M. Johnson (Dem): 7,,,,,
GLASCOCK,ICC - Absentee by Mail 2 - 1,7,Round 1: EXTRA,Yes,Tim Echols (I) (Rep): 5; Alicia M. Johnson (Dem): 2,Tim Echols (I) (Rep): 5; Alicia M. Johnson (Dem): 2,,,,,
GLYNN,AV-SSSI ICP 1 - 0,2025,Round 1: 0.212824907946746168,Yes,Tim Echols (I) (Rep): 1249; Alicia M. Johnson (Dem): 769,Tim Echols (I) (Rep): 1249; Alicia M. Johnson (Dem): 769,,,,,
GLYNN,ICC-Absentee by Mail - 1,10,Round 1: EXTRA,Yes,Tim Echols (I) (Rep): 0; Alicia M. Johnson (Dem): 10,Tim Echols (I) (Rep): 0; Alicia M. Johnson (Dem): 10,,,,,
GORDON,AV-Elections Office ICP 1 - 0,1591,Round 1: EXTRA,Yes,Tim Echols (I) (Rep): 1069; Alicia M. Johnson (Dem): 481,Tim Echols (I) (Rep): 1069; Alicia M. Johnson (Dem): 481,,,,,
GORDON,ICC-Absentee by Mail - 1,52,Round 1: EXTRA,Yes,Tim Echols (I) (Rep): 22; Alicia M. Johnson (Dem): 28,Tim Echols (I) (Rep): 22; Alicia M. Johnson (Dem): 28,,,,,
GRADY,Absentee By Mail ICC - 1,29,Round 1: EXTRA,Yes,Tim Echols (I) (Rep): 15; Alicia M. Johnson (Dem): 14,Tim Echols (I) (Rep): 15; Alicia M. Johnson (Dem): 14,,,,,
GRADY,ED-Higdon ICP 1 - 0,174,Round 1: EXTRA,Yes,Tim Echols (I) (Rep): 121; Alicia M. Johnson (Dem): 53,Tim Echols (I) (Rep): 121; Alicia M. Johnson (Dem): 53,,,,,
GREENE,ED-Union Point ICP 1 - 0,416,Round 1: EXTRA,Yes,Tim Echols (I) (Rep): 150; Alicia M. Johnson (Dem): 240,Tim Echols (I) (Rep): 150; Alicia M. Johnson (Dem): 240,,,,,
GREENE,ICC-Absentee by Mail - 1,47,Round 1: EXTRA,Yes,Tim Echols (I) (Rep): 16; Alicia M. Johnson (Dem): 27,Tim Echols (I) (Rep): 16; Alicia M. Johnson (Dem): 27,,,,,
GWINNETT,ED-013 Duncans C ICP 1 - 0,442,Round 1: 0.123878262629417694,Yes,Tim Echols (I) (Rep): 209; Alicia M. Johnson (Dem): 231,Tim Echols (I) (Rep): 209; Alicia M. Johnson (Dem): 231,,,,,
GWINNETT,ED-114 Pinckneyville W ICP 1 - 0,551,Round 1: EXTRA,Yes,Tim Echols (I) (Rep): 183; Alicia M. Johnson (Dem): 362,Tim Echols (I) (Rep): 183; Alicia M. Johnson (Dem): 362,,,,,
GWINNETT,ED-122 Rockbridge G ICP 1 - 0,705,Round 1: 0.9154502096348921304,Yes,Tim Echols (I) (Rep): 90; Alicia M. Johnson (Dem): 614,Tim Echols (I) (Rep): 90; Alicia M. Johnson (Dem): 614,,,,,
GWINNETT,ED-156 Baycreek J ICP 1 - 0,724,Round 1: 0.495800623514724875,Yes,Tim Echols (I) (Rep): 124; Alicia M. Johnson (Dem): 597,Tim Echols (I) (Rep): 124; Alicia M. Johnson (Dem): 597,,,,,
GWINNETT,ICC-Absentee By Mail 1 - 7,45,Round 1: EXTRA,Yes,Tim Echols (I) (Rep): 12; Alicia M. Johnson (Dem): 33,Tim Echols (I) (Rep): 12; Alicia M. Johnson (Dem): 33,,,,,
HABERSHAM,ED-Habersham N ICP 1 - 0,924,Round 1: EXTRA,Yes,Tim Echols (I) (Rep): 728; Alicia M. Johnson (Dem): 183,Tim Echols (I) (Rep): 728; Alicia M. Johnson (Dem): 183,,,,,
HABERSHAM,ICC-Absentee by Mail - 1,10,Round 1: EXTRA,Yes,Tim Echols (I) (Rep): 9; Alicia M. Johnson (Dem): 1,Tim Echols (I) (Rep): 9; Alicia M. Johnson (Dem): 1,,,,,
HALL,AV-MAIN ICP 1 - 0,3618,Round 1: EXTRA,Yes,Tim Echols (I) (Rep): 1958; Alicia M. Johnson (Dem): 1644,Tim Echols (I) (Rep): 1958; Alicia M. Johnson (Dem): 1644,,,,,
HALL,ICC-Absentee by Mail - 4,68,Round 1: EXTRA,Yes,Tim Echols (I) (Rep): 36; Alicia M. Johnson (Dem): 31,Tim Echols (I) (Rep): 36; Alicia M. Johnson (Dem): 31,,,,,
HANCOCK,ED-Hancock BOE ICP 1 - 0,101,Round 1: EXTRA,Yes,Tim Echols (I) (Rep): 25; Alicia M. Johnson (Dem): 76,Tim Echols (I) (Rep): 25; Alicia M. Johnson (Dem): 76,,,,,
HANCOCK,ICC-Absentee by Mail - 1,20,Round 1: EXTRA,Yes,Tim Echols (I) (Rep): 2; Alicia M. Johnson (Dem): 18,Tim Echols (I) (Rep): 2; Alicia M. Johnson (Dem): 18,,,,,
HARALSON,ED-Felton ICP 1 - 0,42,Round 1: EXTRA,Yes,Tim Echols (I) (Rep): 42; Alicia M. Johnson (Dem): 0,Tim Echols (I) (Rep): 42; Alicia M. Johnson (Dem): 0,,,,,
HARALSON,ED-Tallapoosa ICP 1 - 0,478,Round 1: EXTRA,Yes,Tim Echols (I) (Rep): 360; Alicia M. Johnson (Dem): 104,Tim Echols (I) (Rep): 360; Alicia M. Johnson (Dem): 104,,,,,
HARALSON,ICC-Absentee by Mail - 1,30,Round 1: EXTRA,Yes,Tim Echols (I) (Rep): 21; Alicia M. Johnson (Dem): 9,Tim Echols (I) (Rep): 21; Alicia M. Johnson (Dem): 9,,,,,
HARRIS,ED-Whitesville ICP 1 - 0,200,Round 1: EXTRA,Yes,Tim Echols (I) (Rep): 123; Alicia M. Johnson (Dem): 72,Tim Echols (I) (Rep): 123; Alicia M. Johnson (Dem): 72,,,,,
HARRIS,ICC-Absentee by Mail - 1,25,Round 1: EXTRA,Yes,Tim Echols (I) (Rep): 14; Alicia M. Johnson (Dem): 11,Tim Echols (I) (Rep): 14; Alicia M. Johnson (Dem): 11,,,,,
HART,ED-Goldmine ICP 1 - 0,123,Round 1: EXTRA,Yes,Tim Echols (I) (Rep): 86; Alicia M. Johnson (Dem): 37,Tim Echols (I) (Rep): 86; Alicia M. Johnson (Dem): 37,,,,,
HART,ICC-Absentee by Mail - 1,23,Round 1: EXTRA,Yes,Tim Echols (I) (Rep): 8; Alicia M. Johnson (Dem): 10,Tim Echols (I) (Rep): 8; Alicia M. Johnson (Dem): 10,,,,,
HEARD,ED-Franklin ICP 1 - 0,155,Round 1: EXTRA,Yes,Tim Echols (I) (Rep): 94; Alicia M. Johnson (Dem): 59,Tim Echols (I) (Rep): 94; Alicia M. Johnson (Dem): 59,,,,,
HEARD,ICC-Absentee by Mail - 1,27,Round 1: EXTRA,Yes,Tim Echols (I) (Rep): 16; Alicia M. Johnson (Dem): 11,Tim Echols (I) (Rep): 16; Alicia M. Johnson (Dem): 11,,,,,
HENRY,ED-Red Oak  ICP 1 - 0,943,Round 1: 0.631994116366341709,Yes,Tim Echols (I) (Rep): 75; Alicia M. Johnson (Dem): 859,Tim Echols (I) (Rep): 75; Alicia M. Johnson (Dem): 859,,,,,
HENRY,ICC-Absentee by Mail - 3,50,Round 1: EXTRA,Yes,Tim Echols (I) (Rep): 9; Alicia M. Johnson (Dem): 41,Tim Echols (I) (Rep): 9; Alicia M. Johnson (Dem): 41,,,,,
HOUSTON,AV-Elections Office ICP 1 - 0,4070,Round 1: EXTRA,Yes,Tim Echols (I) (Rep): 2338; Alicia M. Johnson (Dem): 1671,Tim Echols (I) (Rep): 2337; Alicia M. Johnson (Dem): 1672,Tim Echols (I) (Rep): +1; Alicia M. Johnson (Dem): -1,-2,,,
HOUSTON,ICC-Absentee by Mail - 4,9,Round 1: EXTRA,Yes,Tim Echols (I) (Rep): 0; Alicia M. Johnson (Dem): 9,Tim Echols (I) (Rep): 0; Alicia M. Johnson (Dem): 9,,,,,
IRWIN,Absentee By Mail ICC - 1,4,Round 1: EXTRA,Yes,Tim Echols (I) (Rep): 1; Alicia M. Johnson (Dem): 2,Tim Echols (I) (Rep): 1; Alicia M. Johnson (Dem): 2,,,,,
IRWIN,ED-Ocilla ICP 1 - 0,390,Round 1: EXTRA,Yes,Tim Echols (I) (Rep): 176; Alicia M. Johnson (Dem): 209,Tim Echols (I) (Rep): 176; Alicia M. Johnson (Dem): 209,,,,,
JACKSON,AV-Elections Office ICP 1 - 0,1778,Round 1: 0.320796054027106485,Yes,Tim Echols (I) (Rep): 1261; Alicia M. Johnson (Dem): 486,Tim Echols (I) (Rep): 1261; Alicia M. Johnson (Dem): 486,,,,,
JACKSON,ICC-Absentee by Mail 1 - 1,78,Round 1: EXTRA,Yes,Tim Echols (I) (Rep): 45; Alicia M. Johnson (Dem): 33,Tim Echols (I) (Rep): 45; Alicia M. Johnson (Dem): 33,,,,,
JASPER,AV-Elections Office ICP 1 - 0,1254,Round 1: EXTRA,Yes,Tim Echols (I) (Rep): 814; Alicia M. Johnson (Dem): 409,Tim Echols (I) (Rep): 814; Alicia M. Johnson (Dem): 409,,,,,
JASPER,ICC-Absentee by Mail - 6,1,Round 1: EXTRA,Yes,Tim Echols (I) (Rep): 0; Alicia M. Johnson (Dem): 1,Tim Echols (I) (Rep): 0; Alicia M. Johnson (Dem): 1,,,,,
JEFF DAVIS,ED-Public Safety ICP 1 - 0,268,Round 1: EXTRA,Yes,Tim Echols (I) (Rep): 188; Alicia M. Johnson (Dem): 74,Tim Echols (I) (Rep): 188; Alicia M. Johnson (Dem): 74,,,,,
JEFF DAVIS,ICC - Absentee by Mail - 1,7,Round 1: EXTRA,Yes,Tim Echols (I) (Rep): 2; Alicia M. Johnson (Dem): 5,Tim Echols (I) (Rep): 2; Alicia M. Johnson (Dem): 5,,,,,
JEFFERSON,ED-Stapleton Crossroads ICP 1 - 0,60,Round 1: EXTRA,Yes,Tim Echols (I) (Rep): 29; Alicia M. Johnson (Dem): 31,Tim Echols (I) (Rep): 29; Alicia M. Johnson (Dem): 31,,,,,
JEFFERSON,ICC-Absentee by Mail - 3,25,Round 1: EXTRA,Yes,Tim Echols (I) (Rep): 3; Alicia M. Johnson (Dem): 22,Tim Echols (I) (Rep): 3; Alicia M. Johnson (Dem): 22,,,,,
JENKINS,ED-Senior Citizen Center ICP 1 - 0,223,Round 1: EXTRA,Yes,Tim Echols (I) (Rep): 104; Alicia M. Johnson (Dem): 119,Tim Echols (I) (Rep): 104; Alicia M. Johnson (Dem): 119,,,,,
JENKINS,ICC-Absentee by Mail - 2,6,Round 1: EXTRA,Yes,Tim Echols (I) (Rep): 4; Alicia M. Johnson (Dem): 2,Tim Echols (I) (Rep): 4; Alicia M. Johnson (Dem): 2,,,,,
JOHNSON,ED-Bray ICP 1 - 0,77,Round 1: EXTRA,Yes,Tim Echols (I) (Rep): 46; Alicia M. Johnson (Dem): 28,Tim Echols (I) (Rep): 46; Alicia M. Johnson (Dem): 28,,,,,
JOHNSON,ICC-Absentee by Mail - 1,3,Round 1: EXTRA,Yes,Tim Echols (I) (Rep): 2; Alicia M. Johnson (Dem): 1,Tim Echols (I) (Rep): 2; Alicia M. Johnson (Dem): 1,,,,,
JONES,ED-Roberts ICP 1 - 0,242,Round 1: EXTRA,Yes,Tim Echols (I) (Rep): 101; Alicia M. Johnson (Dem): 140,Tim Echols (I) (Rep): 101; Alicia M. Johnson (Dem): 140,,,,,
JONES,ICC-Absentee by Mail - 4,13,Round 1: EXTRA,Yes,Tim Echols (I) (Rep): 5; Alicia M. Johnson (Dem): 8,Tim Echols (I) (Rep): 5; Alicia M. Johnson (Dem): 8,,,,,
LAMAR,AV-Elections Office ICP 1 - 0,1531,Round 1: EXTRA,Yes,Tim Echols (I) (Rep): 937; Alicia M. Johnson (Dem): 541,Tim Echols (I) (Rep): 936; Alicia M. Johnson (Dem): 541,Tim Echols (I) (Rep): +1,-1,,,
LAMAR,ICC-Absentee by Mail - 2,15,Round 1: EXTRA,Yes,Tim Echols (I) (Rep): 5; Alicia M. Johnson (Dem): 9,Tim Echols (I) (Rep): 5; Alicia M. Johnson (Dem): 9,,,,,
LANIER,Absentee By Mail ICC - 1,2,Round 1: EXTRA,Yes,Tim Echols (I) (Rep): 0; Alicia M. Johnson (Dem): 2,Tim Echols (I) (Rep): 0; Alicia M. Johnson (Dem): 2,,,,,
LANIER,AV-Elections Office ICP 1 - 0,340,Round 1: EXTRA,Yes,Tim Echols (I) (Rep): 193; Alicia M. Johnson (Dem): 135,Tim Echols (I) (Rep): 193; Alicia M. Johnson (Dem): 135,,,,,
LAURENS,ICC-Absentee by Mail - 3,49,Round 1: EXTRA,Yes,Tim Echols (I) (Rep): 20; Alicia M. Johnson (Dem): 27,Tim Echols (I) (Rep): 20; Alicia M. Johnson (Dem): 27,,,,,
LAURENS,ICC-Election Day - 10,55,Round 1: EXTRA,Yes,Tim Echols (I) (Rep): 20; Alicia M. Johnson (Dem): 33,Tim Echols (I) (Rep): 20; Alicia M. Johnson (Dem): 33,,,,,
LAURENS,ICC-Election Day - 14,55,Round 1: EXTRA,Yes,Tim Echols (I) (Rep): 12; Alicia M. Johnson (Dem): 39,Tim Echols (I) (Rep): 12; Alicia M. Johnson (Dem): 39,,,,,
LEE,Absentee By Mail ICC - 2,12,Round 1: EXTRA,Yes,Tim Echols (I) (Rep): 6; Alicia M. Johnson (Dem): 6,Tim Echols (I) (Rep): 6; Alicia M. Johnson (Dem): 6,,,,,
LEE,ED-Redbone ICP 1 - 0,534,Round 1: EXTRA,Yes,Tim Echols (I) (Rep): 339; Alicia M. Johnson (Dem): 191,Tim Echols (I) (Rep): 339; Alicia M. Johnson (Dem): 191,,,,,
LIBERTY,ED-Lewis Frasier School ICP 1 - 0,180,Round 1: EXTRA,Yes,Tim Echols (I) (Rep): 43; Alicia M. Johnson (Dem): 136,Tim Echols (I) (Rep): 43; Alicia M. Johnson (Dem): 136,,,,,
LIBERTY,ICC-Provisional - 1,5,Round 1: EXTRA,Yes,Tim Echols (I) (Rep): 3; Alicia M. Johnson (Dem): 2,Tim Echols (I) (Rep): 3; Alicia M. Johnson (Dem): 2,,,,,
LINCOLN,ED-Midway ICP 1 - 0,122,Round 1: EXTRA,Yes,Tim Echols (I) (Rep): 98; Alicia M. Johnson (Dem): 24,Tim Echols (I) (Rep): 98; Alicia M. Johnson (Dem): 24,,,,,
LINCOLN,ICC-Absentee by Mail - 3,15,Round 1: EXTRA,Yes,Tim Echols (I) (Rep): 1; Alicia M. Johnson (Dem): 14,Tim Echols (I) (Rep): 1; Alicia M. Johnson (Dem): 14,,,,,
LONG,AV-Elections Office ICP 1 - 0,619,Round 1: EXTRA,Yes,Tim Echols (I) (Rep): 321; Alicia M. Johnson (Dem): 279,Tim Echols (I) (Rep): 321; Alicia M. Johnson (Dem): 279,,,,,
LONG,ICC-Absentee by Mail - 1,9,Round 1: EXTRA,Yes,Tim Echols (I) (Rep): 1; Alicia M. Johnson (Dem): 8,Tim Echols (I) (Rep): 1; Alicia M. Johnson (Dem): 8,,,,,
LOWNDES,Absentee By Mail ICC - 1,63,Round 1: EXTRA,Yes,Tim Echols (I) (Rep): 16; Alicia M. Johnson (Dem): 47,Tim Echols (I) (Rep): 16; Alicia M. Johnson (Dem): 47,,,,,
LOWNDES,ED-Train Depot ICP 1 - 0,618,Round 1: EXTRA,Yes,Tim Echols (I) (Rep): 402; Alicia M. Johnson (Dem): 207,Tim Echols (I) (Rep): 402; Alicia M. Johnson (Dem): 207,,,,,
LUMPKIN,ED-Dahlonega ICP 3 - 0,555,Round 1: EXTRA,Yes,Tim Echols (I) (Rep): 393; Alicia M. Johnson (Dem): 158,Tim Echols (I) (Rep): 393; Alicia M. Johnson (Dem): 158,,,,,
LUMPKIN,ICC - Absentee By Mail - 1,30,Round 1: EXTRA,Yes,Tim Echols (I) (Rep): 16; Alicia M. Johnson (Dem): 13,Tim Echols (I) (Rep): 16; Alicia M. Johnson (Dem): 13,,,,,
MACON,ED-Ideal ICP 1 - 0,150,Round 1: EXTRA,Yes,Tim Echols (I) (Rep): 64; Alicia M. Johnson (Dem): 80,Tim Echols (I) (Rep): 64; Alicia M. Johnson (Dem): 80,,,,,
MACON,ICC-Absentee by Mail - 2,3,Round 1: EXTRA,Yes,Tim Echols (I) (Rep): 2; Alicia M. Johnson (Dem): 1,Tim Echols (I) (Rep): 2; Alicia M. Johnson (Dem): 1,,,,,
MADISON,ED-Hull ICP 1 - 0,501,Round 1: EXTRA,Yes,Tim Echols (I) (Rep): 250; Alicia M. Johnson (Dem): 247,Tim Echols (I) (Rep): 250; Alicia M. Johnson (Dem): 247,,,,,
MADISON,ICC-Absentee by Mail - 1,37,Round 1: EXTRA,Yes,Tim Echols (I) (Rep): 21; Alicia M. Johnson (Dem): 16,Tim Echols (I) (Rep): 21; Alicia M. Johnson (Dem): 16,,,,,
MARION,ED-Buena Vista ICP 1 - 0,264,Round 1: EXTRA,Yes,Tim Echols (I) (Rep): 68; Alicia M. Johnson (Dem): 194,Tim Echols (I) (Rep): 68; Alicia M. Johnson (Dem): 194,,,,,
MARION,ICP-Absentee by Mail - 0,16,Round 1: EXTRA,Yes,Tim Echols (I) (Rep): 1; Alicia M. Johnson (Dem): 15,Tim Echols (I) (Rep): 1; Alicia M. Johnson (Dem): 15,,,,,
MCDUFFIE,ED-Dearing-Fort Creek ICP 1 - 0,324,Round 1: EXTRA,Yes,Tim Echols (I) (Rep): 242; Alicia M. Johnson (Dem): 80,Tim Echols (I) (Rep): 242; Alicia M. Johnson (Dem): 80,,,,,
MCDUFFIE,ICC-Absentee by Mail - 11,27,Round 1: EXTRA,Yes,Tim Echols (I) (Rep): 9; Alicia M. Johnson (Dem): 17,Tim Echols (I) (Rep): 9; Alicia M. Johnson (Dem): 17,,,,,
MCINTOSH,AV-Elections Office ICP 1 - 0,1157,Round 1: EXTRA,Yes,Tim Echols (I) (Rep): 676; Alicia M. Johnson (Dem): 460,Tim Echols (I) (Rep): 676; Alicia M. Johnson (Dem): 460,,,,,
MCINTOSH,ICC-Absentee by Mail - 1,19,Round 1: EXTRA,Yes,Tim Echols (I) (Rep): 13; Alicia M. Johnson (Dem): 6,Tim Echols (I) (Rep): 13; Alicia M. Johnson (Dem): 6,,,,,
MERIWETHER,ED-Raleigh ICP 1 - 0,68,Round 1: EXTRA,Yes,Tim Echols (I) (Rep): 57; Alicia M. Johnson (Dem): 11,Tim Echols (I) (Rep): 57; Alicia M. Johnson (Dem): 11,,,,,
MERIWETHER,ICC-Absentee by Mail - 2,25,Round 1: EXTRA,Yes,Tim Echols (I) (Rep): 4; Alicia M. Johnson (Dem): 20,Tim Echols (I) (Rep): 4; Alicia M. Johnson (Dem): 20,,,,,
MILLER,Absentee By Mail ICC - 1,3,Round 1: EXTRA,Yes,Tim Echols (I) (Rep): 3; Alicia M. Johnson (Dem): 0,Tim Echols (I) (Rep): 3; Alicia M. Johnson (Dem): 0,,,,,
MILLER,Election Day Central ICP 2 - 0,109,Round 1: EXTRA,Yes,Tim Echols (I) (Rep): 79; Alicia M. Johnson (Dem): 30,Tim Echols (I) (Rep): 79; Alicia M. Johnson (Dem): 30,,,,,
MITCHELL,Absentee By Mail ICC - 3,26,Round 1: EXTRA,Yes,Tim Echols (I) (Rep): 0; Alicia M. Johnson (Dem): 25,Tim Echols (I) (Rep): 0; Alicia M. Johnson (Dem): 25,,,,,
MITCHELL,ED-Baconton ICP 1 - 0,103,Round 1: EXTRA,Yes,Tim Echols (I) (Rep): 39; Alicia M. Johnson (Dem): 64,Tim Echols (I) (Rep): 39; Alicia M. Johnson (Dem): 64,,,,,
MONROE,ED-High Falls ICP 1 - 0,251,Round 1: EXTRA,Yes,Tim Echols (I) (Rep): 173; Alicia M. Johnson (Dem): 74,Tim Echols (I) (Rep): 173; Alicia M. Johnson (Dem): 74,,,,,
MONROE,ICC-Absentee by Mail - 1,65,Round 1: EXTRA,Yes,Tim Echols (I) (Rep): 12; Alicia M. Johnson (Dem): 53,Tim Echols (I) (Rep): 12; Alicia M. Johnson (Dem): 53,,,,,
MONTGOMERY,ED-Higgston  ICP 1 - 0,196,Round 1: EXTRA,Yes,Tim Echols (I) (Rep): 149; Alicia M. Johnson (Dem): 45,Tim Echols (I) (Rep): 149; Alicia M. Johnson (Dem): 45,,,,,
MONTGOMERY,ICC-Absentee by Mail - 1,10,Round 1: EXTRA,Yes,Tim Echols (I) (Rep): 10; Alicia M. Johnson (Dem): 0,Tim Echols (I) (Rep): 10; Alicia M. Johnson (Dem): 0,,,,,
MORGAN,AV-Elections Office ICP 1 - 0,1101,Round 1: EXTRA,Yes,Tim Echols (I) (Rep): 529; Alicia M. Johnson (Dem): 567,Tim Echols (I) (Rep): 529; Alicia M. Johnson (Dem): 567,,,,,
MORGAN,ICC-Provisional - 1,1,Round 1: EXTRA,Yes,Tim Echols (I) (Rep): 1; Alicia M. Johnson (Dem): 0,Tim Echols (I) (Rep): 1; Alicia M. Johnson (Dem): 0,,,,,
MURRAY,ED-North ICP 1 - 0,204,Round 1: EXTRA,Yes,Tim Echols (I) (Rep): 180; Alicia M. Johnson (Dem): 19,Tim Echols (I) (Rep): 180; Alicia M. Johnson (Dem): 19,,,,,
MURRAY,ICC - Absentee By Mail - 1,11,Round 1: EXTRA,Yes,Tim Echols (I) (Rep): 2; Alicia M. Johnson (Dem): 9,Tim Echols (I) (Rep): 2; Alicia M. Johnson (Dem): 9,,,,,
MUSCOGEE,ED-Mt Pilgrim ICP 1 - 0,640,Round 1: EXTRA,Yes,Tim Echols (I) (Rep): 19; Alicia M. Johnson (Dem): 620,Tim Echols (I) (Rep): 19; Alicia M. Johnson (Dem): 620,,,,,
MUSCOGEE,ICP-Provisional - 0,15,Round 1: EXTRA,Yes,Tim Echols (I) (Rep): 1; Alicia M. Johnson (Dem): 14,Tim Echols (I) (Rep): 1; Alicia M. Johnson (Dem): 14,,,,,
NEWTON,ED-Gum Creek  ICP 1 - 0,559,Round 1: EXTRA,Yes,Tim Echols (I) (Rep): 276; Alicia M. Johnson (Dem): 283,Tim Echols (I) (Rep): 276; Alicia M. Johnson (Dem): 283,,,,,
NEWTON,ICC-Provisional - 1,4,Round 1: EXTRA,Yes,Tim Echols (I) (Rep): 0; Alicia M. Johnson (Dem): 4,Tim Echols (I) (Rep): 0; Alicia M. Johnson (Dem): 4,,,,,
OCONEE,ED-Oconee South ICP 1 - 0,462,Round 1: EXTRA,Yes,Tim Echols (I) (Rep): 316; Alicia M. Johnson (Dem): 143,Tim Echols (I) (Rep): 316; Alicia M. Johnson (Dem): 143,,,,,
OCONEE,ICC-Provisional - 1,1,Round 1: EXTRA,Yes,Tim Echols (I) (Rep): 1; Alicia M. Johnson (Dem): 0,Tim Echols (I) (Rep): 1; Alicia M. Johnson (Dem): 0,,,,,
OGLETHORPE,ED-Lexington ICP 1 - 0,551,Round 1: EXTRA,Yes,Tim Echols (I) (Rep): 330; Alicia M. Johnson (Dem): 217,Tim Echols (I) (Rep): 330; Alicia M. Johnson (Dem): 217,,,,,
OGLETHORPE,ICC-Provisional - 1,1,Round 1: EXTRA,Yes,Tim Echols (I) (Rep): 1; Alicia M. Johnson (Dem): 0,Tim Echols (I) (Rep): 1; Alicia M. Johnson (Dem): 0,,,,,
PAULDING,ED-Yorkville BC ICP 1 - 0,412,Round 1: EXTRA,Yes,Tim Echols (I) (Rep): 273; Alicia M. Johnson (Dem): 137,Tim Echols (I) (Rep): 273; Alicia M. Johnson (Dem): 137,,,,,
PAULDING,ICC-Absentee by Mail - 1,50,Round 1: EXTRA,Yes,Tim Echols (I) (Rep): 21; Alicia M. Johnson (Dem): 29,Tim Echols (I) (Rep): 21; Alicia M. Johnson (Dem): 29,,,,,
PEACH,AV-Location 1 ICP 1 - 0,872,Round 1: EXTRA,Yes,Tim Echols (I) (Rep): 197; Alicia M. Johnson (Dem): 639,Tim Echols (I) (Rep): 197; Alicia M. Johnson (Dem): 639,,,,,
PEACH,ICC-Absentee by Mail - 1,36,Round 1: EXTRA,Yes,Tim Echols (I) (Rep): 5; Alicia M. Johnson (Dem): 29,Tim Echols (I) (Rep): 5; Alicia M. Johnson (Dem): 29,,,,,
PICKENS,AV-Elections Office ICP 1 - 0,1838,Round 1: EXTRA,Yes,Tim Echols (I) (Rep): 1351; Alicia M. Johnson (Dem): 467,Tim Echols (I) (Rep): 1351; Alicia M. Johnson (Dem): 467,,,,,
PICKENS,ICC - Absentee By Mail - 8,6,Round 1: EXTRA,Yes,Tim Echols (I) (Rep): 4; Alicia M. Johnson (Dem): 2,Tim Echols (I) (Rep): 4; Alicia M. Johnson (Dem): 2,,,,,
PIERCE,AV-Elections Office ICP 2 - 0,1269,Round 1: EXTRA,Yes,Tim Echols (I) (Rep): 1076; Alicia M. Johnson (Dem): 165,Tim Echols (I) (Rep): 1076; Alicia M. Johnson (Dem): 165,,,,,
PIERCE,Provisional ICC - 1,1,Round 1: EXTRA,Yes,Tim Echols (I) (Rep): 1; Alicia M. Johnson (Dem): 0,Tim Echols (I) (Rep): 1; Alicia M. Johnson (Dem): 0,,,,,
PIKE,ED-Williamson ICP 1 - 0,264,Round 1: EXTRA,Yes,Tim Echols (I) (Rep): 220; Alicia M. Johnson (Dem): 44,Tim Echols (I) (Rep): 220; Alicia M. Johnson (Dem): 44,,,,,
PIKE,ICC-Absentee by Mail - 3,14,Round 1: EXTRA,Yes,Tim Echols (I) (Rep): 8; Alicia M. Johnson (Dem): 6,Tim Echols (I) (Rep): 8; Alicia M. Johnson (Dem): 6,,,,,
POLK,ED-Goodyear ICP 1 - 0,636,Round 1: EXTRA,Yes,Tim Echols (I) (Rep): 373; Alicia M. Johnson (Dem): 249,Tim Echols (I) (Rep): 373; Alicia M. Johnson (Dem): 249,,,,,
POLK,ICP Absentee by Mail - 0,69,Round 1: EXTRA,Yes,Tim Echols (I) (Rep): 42; Alicia M. Johnson (Dem): 25,Tim Echols (I) (Rep): 42; Alicia M. Johnson (Dem): 25,,,,,
PULASKI,ED-Courthouse Annex ICP 1 - 0,445,Round 1: EXTRA,Yes,Tim Echols (I) (Rep): 256; Alicia M. Johnson (Dem): 185,Tim Echols (I) (Rep): 256; Alicia M. Johnson (Dem): 185,,,,,
PULASKI,ICC-Absentee by Mail - 1,3,Round 1: EXTRA,Yes,Tim Echols (I) (Rep): 2; Alicia M. Johnson (Dem): 1,Tim Echols (I) (Rep): 2; Alicia M. Johnson (Dem): 1,,,,,
PUTNAM,ED-107 ICP 1 - 0,483,Round 1: EXTRA,Yes,Tim Echols (I) (Rep): 350; Alicia M. Johnson (Dem): 133,Tim Echols (I) (Rep): 350; Alicia M. Johnson (Dem): 133,,,,,
PUTNAM,ICC-Absentee by Mail - 1,25,Round 1: EXTRA,Yes,Tim Echols (I) (Rep): 8; Alicia M. Johnson (Dem): 17,Tim Echols (I) (Rep): 8; Alicia M. Johnson (Dem): 17,,,,,
QUITMAN,Absentee By Mail ICC - 1,1,Round 1: EXTRA,Yes,Tim Echols (I) (Rep): 1; Alicia M. Johnson (Dem): 0,Tim Echols (I) (Rep): 1; Alicia M. Johnson (Dem): 0,,,,,
QUITMAN,ED-Georgetown ICP 1 - 0,106,Round 1: EXTRA,Yes,Tim Echols (I) (Rep): 35; Alicia M. Johnson (Dem): 68,Tim Echols (I) (Rep): 35; Alicia M. Johnson (Dem): 68,,,,,
RABUN,ED-Rabun County ICP 2 - 0,670,Round 1: EXTRA,Yes,Tim Echols (I) (Rep): 495; Alicia M. Johnson (Dem): 171,Tim Echols (I) (Rep): 495; Alicia M. Johnson (Dem): 171,,,,,
RABUN,ICC-Absentee by Mail - 1,46,Round 1: EXTRA,Yes,Tim Echols (I) (Rep): 17; Alicia M. Johnson (Dem): 29,Tim Echols (I) (Rep): 17; Alicia M. Johnson (Dem): 29,,,,,
RANDOLPH,Absentee By Mail ICC - 1,18,Round 1: EXTRA,Yes,Tim Echols (I) (Rep): 0; Alicia M. Johnson (Dem): 18,Tim Echols (I) (Rep): 0; Alicia M. Johnson (Dem): 18,,,,,
RANDOLPH,ED-Coleman ICP 1 - 0,23,Round 1: EXTRA,Yes,Tim Echols (I) (Rep): 10; Alicia M. Johnson (Dem): 13,Tim Echols (I) (Rep): 10; Alicia M. Johnson (Dem): 13,,,,,
RICHMOND,AV-Elections Office  ICP 1 - 0,2129,Round 1: 0.388968892662753826,Yes,Tim Echols (I) (Rep): 260; Alicia M. Johnson (Dem): 1857,Tim Echols (I) (Rep): 260; Alicia M. Johnson (Dem): 1857,,,,,
RICHMOND,ICC-Absentee by Mail 3 - 2,1,Round 1: EXTRA,Yes,Tim Echols (I) (Rep): 0; Alicia M. Johnson (Dem): 1,Tim Echols (I) (Rep): 0; Alicia M. Johnson (Dem): 1,,,,,
ROCKDALE,ED-BT ICP 1 - 0,452,Round 1: EXTRA,Yes,Tim Echols (I) (Rep): 199; Alicia M. Johnson (Dem): 252,Tim Echols (I) (Rep): 199; Alicia M. Johnson (Dem): 252,,,,,
ROCKDALE,ICC-Provisional - 1,4,Round 1: EXTRA,Yes,Tim Echols (I) (Rep): 0; Alicia M. Johnson (Dem): 4,Tim Echols (I) (Rep): 0; Alicia M. Johnson (Dem): 4,,,,,
SCHLEY,AV-County Courthouse Annex ICP 1 - 0,285,Round 1: EXTRA,Yes,Tim Echols (I) (Rep): 215; Alicia M. Johnson (Dem): 64,Tim Echols (I) (Rep): 215; Alicia M. Johnson (Dem): 64,,,,,
SCHLEY,ICC-Absentee by Mail - 1,13,Round 1: EXTRA,Yes,Tim Echols (I) (Rep): 5; Alicia M. Johnson (Dem): 8,Tim Echols (I) (Rep): 5; Alicia M. Johnson (Dem): 8,,,,,
SCREVEN,ED-Rocky Ford ICP 2 - 0,48,Round 1: EXTRA,Yes,Tim Echols (I) (Rep): 28; Alicia M. Johnson (Dem): 12,Tim Echols (I) (Rep): 28; Alicia M. Johnson (Dem): 12,,,,,
SCREVEN,ICC-Absentee by Mail - 3,14,Round 1: EXTRA,Yes,Tim Echols (I) (Rep): 5; Alicia M. Johnson (Dem): 9,Tim Echols (I) (Rep): 5; Alicia M. Johnson (Dem): 9,,,,,
SEMINOLE,Absentee By Mail ICC - 1,11,Round 1: EXTRA,Yes,Tim Echols (I) (Rep): 8; Alicia M. Johnson (Dem): 3,Tim Echols (I) (Rep): 8; Alicia M. Johnson (Dem): 3,,,,,
SEMINOLE,ED-Precinct 1 ICP 1 - 0,145,Round 1: EXTRA,Yes,Tim Echols (I) (Rep): 104; Alicia M. Johnson (Dem): 40,Tim Echols (I) (Rep): 104; Alicia M. Johnson (Dem): 40,,,,,
SPALDING,ED-06 ICP 1 - 0,140,Round 1: EXTRA,Yes,Tim Echols (I) (Rep): 14; Alicia M. Johnson (Dem): 118,Tim Echols (I) (Rep): 14; Alicia M. Johnson (Dem): 120,Alicia M. Johnson (Dem): -2,-2,,,
SPALDING,ED-21 ICP 1 - 0,895,Round 1: EXTRA,Yes,Tim Echols (I) (Rep): 480; Alicia M. Johnson (Dem): 406,Tim Echols (I) (Rep): 480; Alicia M. Johnson (Dem): 406,,,,,
SPALDING,ICC-Absentee by Mail - 10,3,Round 1: EXTRA,Yes,Tim Echols (I) (Rep): 0; Alicia M. Johnson (Dem): 3,Tim Echols (I) (Rep): 0; Alicia M. Johnson (Dem): 3,,,,,
STEPHENS,ED-Stephens County ICP 2 - 0,1147,Round 1: EXTRA,Yes,Tim Echols (I) (Rep): 814; Alicia M. Johnson (Dem): 306,Tim Echols (I) (Rep): 814; Alicia M. Johnson (Dem): 306,,,,,
STEPHENS,ICC-Absentee by Mail - 1,53,Round 1: EXTRA,Yes,Tim Echols (I) (Rep): 37; Alicia M. Johnson (Dem): 15,Tim Echols (I) (Rep): 37; Alicia M. Johnson (Dem): 15,,,,,
STEWART,ED-Omaha ICP 1 - 0,20,Round 1: EXTRA,Yes,Tim Echols (I) (Rep): 5; Alicia M. Johnson (Dem): 15,Tim Echols (I) (Rep): 5; Alicia M. Johnson (Dem): 15,,,,,
STEWART,ICC-Provisional - 1,3,Round 1: EXTRA,Yes,Tim Echols (I) (Rep): 2; Alicia M. Johnson (Dem): 0,Tim Echols (I) (Rep): 2; Alicia M. Johnson (Dem): 0,,,,,
SUMTER,AV-Elections Office ICP 1 - 0,1898,Round 1: EXTRA,Yes,Tim Echols (I) (Rep): 684; Alicia M. Johnson (Dem): 1169,Tim Echols (I) (Rep): 684; Alicia M. Johnson (Dem): 1169,,,,,
SUMTER,ICC-Absentee by Mail - 2,51,Round 1: EXTRA,Yes,Tim Echols (I) (Rep): 7; Alicia M. Johnson (Dem): 41,Tim Echols (I) (Rep): 7; Alicia M. Johnson (Dem): 41,,,,,
TALBOT,AV-Elections Office ICP 1 - 0,103,Round 1: EXTRA,Yes,Tim Echols (I) (Rep): 22; Alicia M. Johnson (Dem): 80,Tim Echols (I) (Rep): 22; Alicia M. Johnson (Dem): 80,,,,,
TALBOT,ICC-Absentee by Mail - 1,10,Round 1: EXTRA,Yes,Tim Echols (I) (Rep): 0; Alicia M. Johnson (Dem): 10,Tim Echols (I) (Rep): 0; Alicia M. Johnson (Dem): 10,,,,,
TALIAFERRO,ED-Crawfordville ICP 1 - 0,110,Round 1: EXTRA,Yes,Tim Echols (I) (Rep): 31; Alicia M. Johnson (Dem): 78,Tim Echols (I) (Rep): 31; Alicia M. Johnson (Dem): 78,,,,,
TALIAFERRO,ICC-Absentee by Mail - 1,7,Round 1: EXTRA,Yes,Tim Echols (I) (Rep): 1; Alicia M. Johnson (Dem): 6,Tim Echols (I) (Rep): 1; Alicia M. Johnson (Dem): 6,,,,,
TATTNALL,ED-District II ICP 1 - 0,250,Round 1: EXTRA,Yes,Tim Echols (I) (Rep): 141; Alicia M. Johnson (Dem): 98,Tim Echols (I) (Rep): 141; Alicia M. Johnson (Dem): 98,,,,,
TATTNALL,ICC-Absentee by Mail - 1,55,Round 1: EXTRA,Yes,Tim Echols (I) (Rep): 32; Alicia M. Johnson (Dem): 19,Tim Echols (I) (Rep): 32; Alicia M. Johnson (Dem): 19,,,,,
TAYLOR,ED-Precinct 5 ICP 2 - 0,243,Round 1: EXTRA,Yes,Tim Echols (I) (Rep): 200; Alicia M. Johnson (Dem): 37,Tim Echols (I) (Rep): 200; Alicia M. Johnson (Dem): 37,,,,,
TAYLOR,ICC-Absentee by Mail - 1,37,Round 1: EXTRA,Yes,Tim Echols (I) (Rep): 5; Alicia M. Johnson (Dem): 32,Tim Echols (I) (Rep): 5; Alicia M. Johnson (Dem): 32,,,,,
TELFAIR,ED-Jacksonville ICP 1 - 0,59,Round 1: EXTRA,Yes,Tim Echols (I) (Rep): 36; Alicia M. Johnson (Dem): 21,Tim Echols (I) (Rep): 36; Alicia M. Johnson (Dem): 21,,,,,
TELFAIR,ICC - Absentee by Mail - 1,7,Round 1: EXTRA,Yes,Tim Echols (I) (Rep): 4; Alicia M. Johnson (Dem): 3,Tim Echols (I) (Rep): 4; Alicia M. Johnson (Dem): 3,,,,,
TERRELL,Absentee By Mail ICC - 1,88,Round 1: EXTRA,Yes,Tim Echols (I) (Rep): 6; Alicia M. Johnson (Dem): 82,Tim Echols (I) (Rep): 6; Alicia M. Johnson (Dem): 82,,,,,
TERRELL,ED-Graves ICP 1 - 0,58,Round 1: EXTRA,Yes,Tim Echols (I) (Rep): 32; Alicia M. Johnson (Dem): 26,Tim Echols (I) (Rep): 32; Alicia M. Johnson (Dem): 26,,,,,
THOMAS,Absentee By Mail ICC - 1,18,Round 1: EXTRA,Yes,Tim Echols (I) (Rep): 6; Alicia M. Johnson (Dem): 12,Tim Echols (I) (Rep): 6; Alicia M. Johnson (Dem): 12,,,,,
THOMAS,ED-New Covenant ICP 1 - 0,187,Round 1: EXTRA,Yes,Tim Echols (I) (Rep): 146; Alicia M. Johnson (Dem): 40,Tim Echols (I) (Rep): 146; Alicia M. Johnson (Dem): 40,,,,,
TIFT,Absentee By Mail ICC - 1,18,Round 1: EXTRA,Yes,Tim Echols (I) (Rep): 6; Alicia M. Johnson (Dem): 12,Tim Echols (I) (Rep): 6; Alicia M. Johnson (Dem): 12,,,,,
TIFT,ED-Tifton South ICP 1 - 0,165,Round 1: EXTRA,Yes,Tim Echols (I) (Rep): 31; Alicia M. Johnson (Dem): 131,Tim Echols (I) (Rep): 31; Alicia M. Johnson (Dem): 131,,,,,
TOOMBS,AV-Elections Office ICP 1 - 0,1102,Round 1: EXTRA,Yes,Tim Echols (I) (Rep): 698; Alicia M. Johnson (Dem): 373,Tim Echols (I) (Rep): 698; Alicia M. Johnson (Dem): 373,,,,,
TOOMBS,ICC-Absentee by Mail - 3,25,Round 1: EXTRA,Yes,Tim Echols (I) (Rep): 0; Alicia M. Johnson (Dem): 17,Tim Echols (I) (Rep): 0; Alicia M. Johnson (Dem): 17,,,,,
TOWNS,AV-Elections Office ICP 1 - 0,732,Round 1: EXTRA,Yes,Tim Echols (I) (Rep): 456; Alicia M. Johnson (Dem): 274,Tim Echols (I) (Rep): 456; Alicia M. Johnson (Dem): 274,,,,,
TOWNS,ICC-Absentee by Mail - 2,9,Round 1: EXTRA,Yes,Tim Echols (I) (Rep): 3; Alicia M. Johnson (Dem): 6,Tim Echols (I) (Rep): 3; Alicia M. Johnson (Dem): 6,,,,,
TREUTLEN,ED-Annex ICP 1 - 0,127,Round 1: EXTRA,Yes,Tim Echols (I) (Rep): 100; Alicia M. Johnson (Dem): 27,Tim Echols (I) (Rep): 100; Alicia M. Johnson (Dem): 27,,,,,
TREUTLEN,ICC-Provisional - 1,1,Round 1: EXTRA,Yes,Tim Echols (I) (Rep): 0; Alicia M. Johnson (Dem): 1,Tim Echols (I) (Rep): 0; Alicia M. Johnson (Dem): 1,,,,,
TROUP,AV-Location 2 ICP 1 - 0,258,Round 1: EXTRA,Yes,Tim Echols (I) (Rep): 143; Alicia M. Johnson (Dem): 110,Tim Echols (I) (Rep): 143; Alicia M. Johnson (Dem): 110,,,,,
TROUP,ICC-Absentee by Mail - 2,85,Round 1: EXTRA,Yes,Tim Echols (I) (Rep): 20; Alicia M. Johnson (Dem): 64,Tim Echols (I) (Rep): 20; Alicia M. Johnson (Dem): 64,,,,,
TURNER,Absentee By Mail ICC - 1,11,Round 1: EXTRA,Yes,Tim Echols (I) (Rep): 2; Alicia M. Johnson (Dem): 9,Tim Echols (I) (Rep): 2; Alicia M. Johnson (Dem): 9,,,,,
TURNER,ED-Rebecca ICP 1 - 0,137,Round 1: EXTRA,Yes,Tim Echols (I) (Rep): 113; Alicia M. Johnson (Dem): 17,Tim Echols (I) (Rep): 113; Alicia M. Johnson (Dem): 17,,,,,
TWIGGS,ED-Shady Grove Tarvers 1 - 0,95,Round 1: EXTRA,Yes,Tim Echols (I) (Rep): 30; Alicia M. Johnson (Dem): 64,Tim Echols (I) (Rep): 30; Alicia M. Johnson (Dem): 64,,,,,
TWIGGS,ICC-Absentee by Mail - 2,15,Round 1: EXTRA,Yes,Tim Echols (I) (Rep): 0; Alicia M. Johnson (Dem): 15,Tim Echols (I) (Rep): 0; Alicia M. Johnson (Dem): 15,,,,,
UNION,ED-Gumlog ICP 1 - 0,281,Round 1: EXTRA,Yes,Tim Echols (I) (Rep): 223; Alicia M. Johnson (Dem): 56,Tim Echols (I) (Rep): 223; Alicia M. Johnson (Dem): 56,,,,,
UNION,ICC - Absentee By Mail - 3,25,Round 1: EXTRA,Yes,Tim Echols (I) (Rep): 11; Alicia M. Johnson (Dem): 14,Tim Echols (I) (Rep): 11; Alicia M. Johnson (Dem): 14,,,,,
UPSON,ED-Yatesville ICP 2 - 0,288,Round 1: EXTRA,Yes,Tim Echols (I) (Rep): 216; Alicia M. Johnson (Dem): 67,Tim Echols (I) (Rep): 216; Alicia M. Johnson (Dem): 67,,,,,
UPSON,ICC-Provisional - 1,1,Round 1: EXTRA,Yes,Tim Echols (I) (Rep): 0; Alicia M. Johnson (Dem): 1,Tim Echols (I) (Rep): 0; Alicia M. Johnson (Dem): 1,,,,,
WALKER,ED-Armuchee Valley ICP 1 - 0,215,Round 1: EXTRA,Yes,Tim Echols (I) (Rep): 173; Alicia M. Johnson (Dem): 39,Tim Echols (I) (Rep): 173; Alicia M. Johnson (Dem): 39,,,,,
WALKER,ICC-Absentee by Mail - 1,81,Round 1: EXTRA,Yes,Tim Echols (I) (Rep): 43; Alicia M. Johnson (Dem): 37,Tim Echols (I) (Rep): 43; Alicia M. Johnson (Dem): 37,,,,,
WALTON,ED-Central Monroe  ICP 1 - 0,871,Round 1: EXTRA,Yes,Tim Echols (I) (Rep): 387; Alicia M. Johnson (Dem): 471,Tim Echols (I) (Rep): 387; Alicia M. Johnson (Dem): 471,,,,,
WALTON,ICC-Absentee by Mail - 4,27,Round 1: EXTRA,Yes,Tim Echols (I) (Rep): 16; Alicia M. Johnson (Dem): 11,Tim Echols (I) (Rep): 16; Alicia M. Johnson (Dem): 11,,,,,
WARE,Absentee By Mail ICC - 1,50,Round 1: EXTRA,Yes,Tim Echols (I) (Rep): 16; Alicia M. Johnson (Dem): 31,Tim Echols (I) (Rep): 16; Alicia M. Johnson (Dem): 31,,,,,
WARE,ED-409 - Waresboro Church of God ICP 1 - 0,155,Round 1: EXTRA,Yes,Tim Echols (I) (Rep): 148; Alicia M. Johnson (Dem): 6,Tim Echols (I) (Rep): 148; Alicia M. Johnson (Dem): 6,,,,,
WARREN,ED-Warrenton ICP 1 - 0,504,Round 1: EXTRA,Yes,Tim Echols (I) (Rep): 180; Alicia M. Johnson (Dem): 295,Tim Echols (I) (Rep): 180; Alicia M. Johnson (Dem): 295,,,,,
WARREN,ICC-Absentee by Mail - 1,14,Round 1: EXTRA,Yes,Tim Echols (I) (Rep): 6; Alicia M. Johnson (Dem): 7,Tim Echols (I) (Rep): 6; Alicia M. Johnson (Dem): 7,,,,,
WASHINGTON,ED-Harrison ICP 1 - 0,132,Round 1: EXTRA,Yes,Tim Echols (I) (Rep): 54; Alicia M. Johnson (Dem): 77,Tim Echols (I) (Rep): 54; Alicia M. Johnson (Dem): 77,,,,,
WASHINGTON,ICC-Provisional - 1,6,Round 1: EXTRA,Yes,Tim Echols (I) (Rep): 2; Alicia M. Johnson (Dem): 3,Tim Echols (I) (Rep): 2; Alicia M. Johnson (Dem): 3,,,,,
WAYNE,Election Day Central ICP 1 - 0,235,Round 1: EXTRA,Yes,Tim Echols (I) (Rep): 170; Alicia M. Johnson (Dem): 63,Tim Echols (I) (Rep): 170; Alicia M. Johnson (Dem): 63,,,,,
WAYNE,ICC-Absentee by Mail - 1,23,Round 1: EXTRA,Yes,Tim Echols (I) (Rep): 11; Alicia M. Johnson (Dem): 12,Tim Echols (I) (Rep): 11; Alicia M. Johnson (Dem): 12,,,,,
WEBSTER,ED-Preston 1 ICP 1 - 0,201,Round 1: EXTRA,Yes,Tim Echols (I) (Rep): 92; Alicia M. Johnson (Dem): 105,Tim Echols (I) (Rep): 92; Alicia M. Johnson (Dem): 105,,,,,
WEBSTER,ICC-Absentee by Mail - 1,8,Round 1: EXTRA,Yes,Tim Echols (I) (Rep): 5; Alicia M. Johnson (Dem): 3,Tim Echols (I) (Rep): 5; Alicia M. Johnson (Dem): 3,,,,,
WHEELER,ED-Glenwood ICP 1 - 0,100,Round 1: EXTRA,Yes,Tim Echols (I) (Rep): 60; Alicia M. Johnson (Dem): 39,Tim Echols (I) (Rep): 60; Alicia M. Johnson (Dem): 39,,,,,
WHEELER,ICC-Absentee by Mail - 1,9,Round 1: EXTRA,Yes,Tim Echols (I) (Rep): 4; Alicia M. Johnson (Dem): 5,Tim Echols (I) (Rep): 4; Alicia M. Johnson (Dem): 5,,,,,
WHITE,AV-Mauney Srvc Building ICP 1 - 0,2063,Round 1: EXTRA,Yes,Tim Echols (I) (Rep): 1512; Alicia M. Johnson (Dem): 542,Tim Echols (I) (Rep): 1512; Alicia M. Johnson (Dem): 542,,,,,
WHITE,ICC-Absentee by Mail - 1,31,Round 1: EXTRA,Yes,Tim Echols (I) (Rep): 22; Alicia M. Johnson (Dem): 9,Tim Echols (I) (Rep): 22; Alicia M. Johnson (Dem): 9,,,,,
WHITFIELD,ED-2A ICP 1 - 0,345,Round 1: EXTRA,Yes,Tim Echols (I) (Rep): 235; Alicia M. Johnson (Dem): 104,Tim Echols (I) (Rep): 235; Alicia M. Johnson (Dem): 104,,,,,
WHITFIELD,ICC - Provisional - 1,1,Round 1: EXTRA,Yes,Tim Echols (I) (Rep): 0; Alicia M. Johnson (Dem): 1,Tim Echols (I) (Rep): 0; Alicia M. Johnson (Dem): 1,,,,,
WILCOX,ED-Rochelle South 4 ICP 1 - 0,86,Round 1: EXTRA,Yes,Tim Echols (I) (Rep): 67; Alicia M. Johnson (Dem): 19,Tim Echols (I) (Rep): 67; Alicia M. Johnson (Dem): 19,,,,,
WILCOX,ICC-Absentee By Mail - 1,4,Round 1: EXTRA,Yes,Tim Echols (I) (Rep): 2; Alicia M. Johnson (Dem): 2,Tim Echols (I) (Rep): 2; Alicia M. Johnson (Dem): 2,,,,,
WILKES,ED-Young Farmer's Bldg ICP 1 - 0,213,Round 1: EXTRA,Yes,Tim Echols (I) (Rep): 156; Alicia M. Johnson (Dem): 54,Tim Echols (I) (Rep): 156; Alicia M. Johnson (Dem): 54,,,,,
WILKES,All Absentee,91,Round 1: EXTRA,Yes,Tim Echols (I) (Rep): 24; Alicia M. Johnson (Dem): 65,Tim Echols (I) (Rep): 24; Alicia M. Johnson (Dem): 64,Alicia M. Johnson (Dem): +1,1,"Combines ICC-Absentee by Mail - 1, ICC-Absentee by Mail - 2",,
WILKINSON,ICC-Absentee by Mail - 1,33,Round 1: EXTRA,Yes,Tim Echols (I) (Rep): 2; Alicia M. Johnson (Dem): 31,Tim Echols (I) (Rep): 2; Alicia M. Johnson (Dem): 31,,,,,
WILKINSON,ICC-Advance In Person - 5,50,Round 1: EXTRA,Yes,Tim Echols (I) (Rep): 12; Alicia M. Johnson (Dem): 29,Tim Echols (I) (Rep): 12; Alicia M. Johnson (Dem): 29,,,,,
WORTH,Absentee By Mail ICC - 1,38,Round 1: EXTRA,Yes,Tim Echols (I) (Rep): 9; Alicia M. Johnson (Dem): 28,Tim Echols (I) (Rep): 9; Alicia M. Johnson (Dem): 28,,,,,
WORTH,ED-Sumner ICP 1 - 0,63,Round 1: EXTRA,Yes,Tim Echols (I) (Rep): 48; Alicia M. Johnson (Dem): 14,Tim Echols (I) (Rep): 48; Alicia M. Johnson (Dem): 14,,,,,
Totals,,100961,,,Tim Echols (I) (Rep): 49676; Alicia M. Johnson (Dem): 49765,Tim Echols (I) (Rep): 49674; Alicia M. Johnson (Dem): 49767,,,,,